Index,Title,URL,Album ID,Track Count
1,PIANO S I N A T R A,https://rsteviemoore.bandcamp.com/album/piano-s-i-n-a-t-r-a,217175898,4
2,Moorechestra Concert; Webster Hall NYC,https://rsteviemoore.bandcamp.com/album/moorechestra-concert-webster-hall-nyc,2049657463,2
3,fragments 1,https://rsteviemoore.bandcamp.com/album/fragments-1,2573214720,16
4,R. Stems via A.I. [vol one],https://rsteviemoore.bandcamp.com/album/r-stems-via-a-i-vol-one,978206992,82
5,June Nodcastful ham radio WMFURn't,https://rsteviemoore.bandcamp.com/album/june-nodcastful-ham-radio-wmfurnt,1361213348,20
6,Interdites,https://rsteviemoore.bandcamp.com/album/interdites,2385177001,31
7,FIVE STARSâ˜†â˜†â˜†â˜†â˜† bradshawmoore,https://rsteviemoore.bandcamp.com/album/five-stars-bradshawmoore,1182965274,29
8,Bricks In My Pillow,https://rsteviemoore.bandcamp.com/album/bricks-in-my-pillow,779929890,21
9,CLONAZEPAM,https://rsteviemoore.bandcamp.com/album/clonazepam,2272997452,1
10,MORAL,https://rsteviemoore.bandcamp.com/album/moral,653097649,10
11,In The History Of Ever,https://rsteviemoore.bandcamp.com/album/in-the-history-of-ever,732520569,18
12,"DUDE, YOU'RE NO LONGER A PRIORITY",https://rsteviemoore.bandcamp.com/album/dude-youre-no-longer-a-priority,4294151011,17
13,"r. stevie moore vs. i, brute force (workshop portal)",https://rsteviemoore.bandcamp.com/album/r-stevie-moore-vs-i-brute-force-workshop-portal,2888856062,10
14,"FRIED to a CRISP, Hence: REFREEZE FIRST B4",https://rsteviemoore.bandcamp.com/album/fried-to-a-crisp-hence-refreeze-first-b4,2488539760,26
15,ADAPT PUNKT _ IT TELL ME IT or,https://rsteviemoore.bandcamp.com/album/adapt-punkt-it-tell-me-it-or,3423553793,23
16,Electric Correction Fluid Admin,https://rsteviemoore.bandcamp.com/album/electric-correction-fluid-admin,3217528859,20
17,Insurgent Pepper,https://rsteviemoore.bandcamp.com/album/insurgent-pepper,1363359589,1
18,"The R. Stevie Moore Mourning Story, Slot 1",https://rsteviemoore.bandcamp.com/album/the-r-stevie-moore-mourning-story-slot-1,2785998451,24
19,the way you walk the floor under me,https://rsteviemoore.bandcamp.com/album/the-way-you-walk-the-floor-under-me,1269531583,18
20,NODOUT (0rig cast),https://rsteviemoore.bandcamp.com/album/nodout-0rig-cast,441752193,4
21,CLAIREPHEMERA Clairecloud,https://rsteviemoore.bandcamp.com/album/clairephemera-clairecloud,2144792542,1
22,Don't Cry for Me R,https://rsteviemoore.bandcamp.com/album/dont-cry-for-me-r,2231234935,2
23,BEDROOM RADIO REBIRTH Nodcasting Now,https://rsteviemoore.bandcamp.com/album/bedroom-radio-rebirth-nodcasting-now,1883616748,1
24,"RSMsingleseries5: ""Cannot Keep My Fingers Out of My Mouth""",https://rsteviemoore.bandcamp.com/album/rsmsingleseries5-cannot-keep-my-fingers-out-of-my-mouth,523251401,2
25,Ivey/ Go On Now 01993 ~ RSMtv Vol13 homevideo soundtrax pt1,https://rsteviemoore.bandcamp.com/album/ivey-go-on-now-01993-rsmtv-vol13-homevideo-soundtrax-pt1,1625151913,1
26,"RSMsingleseries4: ""Don't Be Ridiculous"" b/w 2nd version",https://rsteviemoore.bandcamp.com/album/rsmsingleseries4-dont-be-ridiculous-b-w-2nd-version,2079649987,3
27,Daily Parables,https://rsteviemoore.bandcamp.com/album/daily-parables,1805453074,16
28,*Smut Hut*,https://rsteviemoore.bandcamp.com/album/smut-hut,3551014447,1
29,"RSMsingleseries3: ""Modern"" b/w ass",https://rsteviemoore.bandcamp.com/album/rsmsingleseries3-modern-b-w-ass,3709530592,6
30,twat,https://rsteviemoore.bandcamp.com/album/twat,1062687939,4
31,"RSMsingleseries2: ""Jail Bait"" b/w  ""Jailbait Pts 2&3""",https://rsteviemoore.bandcamp.com/album/rsmsingleseries2-jail-bait-b-w-jailbait-pts-2-3,4293853150,3
32,"RSMsingleseries1: ""I'm Losing It"" b/w ""I Know Them All""",https://rsteviemoore.bandcamp.com/album/rsmsingleseries1-im-losing-it-b-w-i-know-them-all,251447368,2
33,ZONDAY TAY TAY (split),https://rsteviemoore.bandcamp.com/album/zonday-tay-tay-split,3799511876,3
34,Textrage Extravaganza 2023 Nodcast Soliloquies Benefit Concert Poetry Slan (parental advisory hate crime triggers heh),https://rsteviemoore.bandcamp.com/album/textrage-extravaganza-2023-nodcast-soliloquies-benefit-concert-poetry-slan-parental-advisory-hate-crime-triggers-heh,1304834313,10
35,"Nodcast 23 @ 71 Czech,mate",https://rsteviemoore.bandcamp.com/album/nodcast-23-71-czech-mate,3788731234,20
36,R Stevie Moore at the Steinway,https://rsteviemoore.bandcamp.com/album/r-stevie-moore-at-the-steinway,1164073920,2
37,Naked Lunch Meal Ticket,https://rsteviemoore.bandcamp.com/album/naked-lunch-meal-ticket,3521500510,19
38,NoddyCAST SEVEN & 7 IS,https://rsteviemoore.bandcamp.com/album/noddycast-seven-7-is,2094981514,8
39,ROMANTIC LULLABI,https://rsteviemoore.bandcamp.com/album/romantic-lullabi,3425630084,13
41,Nodcast 9: The Kitchen Floor Tapes /Today's N-word (damn denmo),https://rsteviemoore.bandcamp.com/album/nodcast-9-the-kitchen-floor-tapes-todays-n-word-damn-denmo,3657360287,7
42,TIGHTWAD,https://rsteviemoore.bandcamp.com/album/tightwad,1466385614,1
43,NODCAST 5 JIVE GMO,https://rsteviemoore.bandcamp.com/album/nodcast-5-jive-gmo,2104137246,27
44,XMASNUT  CRACKER,https://rsteviemoore.bandcamp.com/album/xmasnut-cracker,2380967355,3
45,SQUAT,https://rsteviemoore.bandcamp.com/album/squat,603975480,20
46,R. Stevie Moore Pleads,https://rsteviemoore.bandcamp.com/album/r-stevie-moore-pleads,3317178026,24
47,"""Don't Put Dat Dere!"" b/w ""Pinot Film Noir""",https://rsteviemoore.bandcamp.com/album/dont-put-dat-dere-b-w-pinot-film-noir,2935716972,2
48,"Using a giant anvil, Imma fold my body and suck my own dicc while snapping my spinal column in the process.",https://rsteviemoore.bandcamp.com/album/using-a-giant-anvil-imma-fold-my-body-and-suck-my-own-dicc-while-snapping-my-spinal-column-in-the-process,1612668813,67
49,The New Testament,https://rsteviemoore.bandcamp.com/album/the-new-testament,1991721714,20
50,the new R Stevie Moore Noâ€‹-â€‹Show (NODCAST3),https://rsteviemoore.bandcamp.com/album/the-new-r-stevie-moore-no-show-nodcast3,1879485553,24
51,the new R Stevie Moore No-Show (NODCAST1),https://rsteviemoore.bandcamp.com/album/the-new-r-stevie-moore-no-show-nodcast1,2742299093,30
52,SOLILOQUIES SPEAKIN OF WHICH,https://rsteviemoore.bandcamp.com/album/soliloquies-speakin-of-which,4255079190,7
53,"Live at WBAR, Barnard College NYC 2005",https://rsteviemoore.bandcamp.com/album/live-at-wbar-barnard-college-nyc-2005,3544018849,1
54,IN HOSPICE,https://rsteviemoore.bandcamp.com/album/in-hospice,1627148446,16
55,Pieces Of A Puzzle (demos for Yukio),https://rsteviemoore.bandcamp.com/album/pieces-of-a-puzzle-demos-for-yukio,2833835747,26
56,Album name: ROBBER STEALING MORE,https://rsteviemoore.bandcamp.com/album/album-name-robber-stealing-more,3006846263,10
57,HEART ON: The END TIMES by One Nite Standards,https://rsteviemoore.bandcamp.com/album/heart-on-the-end-times-by-one-nite-standards,1623293407,24
58,XCLUSIF,https://rsteviemoore.bandcamp.com/album/xclusif,1859331143,16
59,I HATE THIS LIFE,https://rsteviemoore.bandcamp.com/album/i-hate-this-life,3523367848,20
60,R. STEVIE MOORE ON EARTH,https://rsteviemoore.bandcamp.com/album/r-stevie-moore-on-earth,1687526767,27
61,FREEDOM VS. FATE ~3Lp Dinner,https://rsteviemoore.bandcamp.com/album/freedom-vs-fate-3lp-dinner,1909507416,45
62,RE-CITAL,https://rsteviemoore.bandcamp.com/album/re-cital,3566155318,17
63,Smokin' A Dried Turd - by,https://rsteviemoore.bandcamp.com/album/smokin-a-dried-turd-by,3684212392,5
64,R Stevie Moore Live at THE END,https://rsteviemoore.bandcamp.com/album/r-stevie-moore-live-at-the-end,2033045214,1
65,Oliver Twisted ~ 'the ego awaits trial',https://rsteviemoore.bandcamp.com/album/oliver-twisted-the-ego-awaits-trial,4209290354,35
66,YEAST HEIST ~The Error of Your Ways | Oliver Chris Moore RStevie Vol 2,https://rsteviemoore.bandcamp.com/album/yeast-heist-the-error-of-your-ways-oliver-chris-moore-rstevie-vol-2,3433341236,21
67,NOMICRONS by The Culprits,https://rsteviemoore.bandcamp.com/album/nomicrons-by-the-culprits,3936148378,10
68,FRINGE CRINGE,https://rsteviemoore.bandcamp.com/album/fringe-cringe,458507641,10
69,The Unaware Are Unaware That They're Unaware v4,https://rsteviemoore.bandcamp.com/album/the-unaware-are-unaware-that-theyre-unaware-v4,1414140910,28
70,The Unaware Are Unaware That They're Unaware v3 Ausfart,https://rsteviemoore.bandcamp.com/album/the-unaware-are-unaware-that-theyre-unaware-v3-ausfart,1173184633,21
71,The Unaware Are Unaware That They're Unaware v2 Bricolage,https://rsteviemoore.bandcamp.com/album/the-unaware-are-unaware-that-theyre-unaware-v2-bricolage,2925023736,24
72,The Unaware Are Unaware That They're Unaware  v1,https://rsteviemoore.bandcamp.com/album/the-unaware-are-unaware-that-theyre-unaware-v1,1652238445,24
73,R Stevie Moore Massage Parlor,https://rsteviemoore.bandcamp.com/album/r-stevie-moore-massage-parlor,869085476,34
74,erolaG seibboHHobbies GaloReversed,https://rsteviemoore.bandcamp.com/album/erolag-seibbohhobbies-galoreversed,615742146,24
75,9 Lives Dream,https://rsteviemoore.bandcamp.com/album/9-lives-dream,1802112008,41
76,LMAO IN FEAR,https://rsteviemoore.bandcamp.com/album/lmao-in-fear,141318235,28
77,PAPER FIBER  &nbsp;&nbsp; &nbsp; &nbsp;&nbsp;dba Ratings-devouring Behemoths           a/k/a CHEW SLOW,https://rsteviemoore.bandcamp.com/album/paper-fiber-nbsp-nbsp-nbsp-nbsp-nbsp-dba-ratings-devouring-behemoths-a-k-a-chew-slow,2146477310,31
78,CONCERN,https://rsteviemoore.bandcamp.com/album/concern,2091922029,27
79,Genial: Stare Case Collar Guard,https://rsteviemoore.bandcamp.com/album/genial-stare-case-collar-guard,4230806906,25
80,BULLSHIT PIE (draft),https://rsteviemoore.bandcamp.com/album/bullshit-pie-draft,2868510313,27
81,Giant Green Jar (draft),https://rsteviemoore.bandcamp.com/album/giant-green-jar-draft,1994413616,27
82,Eviction Anniversary Souvenir Plaque (daft),https://rsteviemoore.bandcamp.com/album/eviction-anniversary-souvenir-plaque-daft,2494136788,23
83,Fake Hit (draft) hold my beer,https://rsteviemoore.bandcamp.com/album/fake-hit-draft-hold-my-beer,1833354465,25
84,fake hip,https://rsteviemoore.bandcamp.com/album/fake-hip,3996772759,57
85,Worst That Could Happen (drafty),https://rsteviemoore.bandcamp.com/album/worst-that-could-happen-drafty,3978997132,23
86,ALBUM 500 (draft),https://rsteviemoore.bandcamp.com/album/album-500-draft,2052614719,22
87,Another White Negativgg R (draft),https://rsteviemoore.bandcamp.com/album/another-white-negativgg-r-draft,973163600,14
88,Autographed Blank Tape (draft),https://rsteviemoore.bandcamp.com/album/autographed-blank-tape-draft,556288542,21
89,r. stevie moore Shifts Gears (drift),https://rsteviemoore.bandcamp.com/album/r-stevie-moore-shifts-gears-drift,3906257333,10
90,Go Get Some Followers (Why Should I?) (draft),https://rsteviemoore.bandcamp.com/album/go-get-some-followers-why-should-i-draft,3882894088,5
91,Phantom Fantasy -Live at Ryman (draft)(drafty),https://rsteviemoore.bandcamp.com/album/phantom-fantasy-live-at-ryman-draft-drafty,278058752,4
92,Drugs For Peace (draft),https://rsteviemoore.bandcamp.com/album/drugs-for-peace-draft,1223140763,34
93,Cheap Executive Officer: Music Modernization Act (draft),https://rsteviemoore.bandcamp.com/album/cheap-executive-officer-music-modernization-act-draft,2216945570,2
94,How Did Mama & Daddy Die On the Same Day? (draft),https://rsteviemoore.bandcamp.com/album/how-did-mama-daddy-die-on-the-same-day-draft,2527977254,13
95,LOVE GRAPH / TIGHTWAD (1973 rare single),https://rsteviemoore.bandcamp.com/album/love-graph-tightwad-1973-rare-single,3766290140,3
96,Pointless Soundcloud Demos Remixed (draft),https://rsteviemoore.bandcamp.com/album/pointless-soundcloud-demos-remixed-draft,4114723987,8
97,I Probably Play Like That Forever,https://rsteviemoore.bandcamp.com/album/i-probably-play-like-that-forever,4038965376,12
98,Rocktoberfesteringwoundpus County Seat,https://rsteviemoore.bandcamp.com/album/rocktoberfesteringwoundpus-county-seat,50076551,15
99,INSISTENCE: unfounded sound,https://rsteviemoore.bandcamp.com/album/insistence-unfounded-sound,4078641602,143
100,MISHEGAS,https://rsteviemoore.bandcamp.com/album/mishegas,4128510100,38
101,The WHEN WHERE ðŸ˜˜â™¥ï¸ðŸ™ŒðŸ˜ðŸ’‹,https://rsteviemoore.bandcamp.com/album/the-when-where,1381154053,31
102,The THEN THERE ðŸ˜˜â™¥ï¸ðŸ™ŒðŸ˜ðŸ’‹,https://rsteviemoore.bandcamp.com/album/the-then-there,535547714,63
103,.,https://rsteviemoore.bandcamp.com/album/--6,2197419047,1
104,24.7 Temperament 51-49 (radio copy VG+),https://rsteviemoore.bandcamp.com/album/247-temperament-51-49-radio-copy-vg,2089357732,97
105,Cancel & Gretel,https://rsteviemoore.bandcamp.com/album/cancel-gretel,1729281277,62
106,Copy Me: RSM Tribute 12,https://rsteviemoore.bandcamp.com/album/copy-me-rsm-tribute-12,3929501563,32
107,Afterlife,https://rsteviemoore.bandcamp.com/album/afterlife,1646890653,20
108,Make It Be >linked!,https://rsteviemoore.bandcamp.com/album/make-it-be-linked,3496639184,37
109,LET'S!,https://rsteviemoore.bandcamp.com/album/lets-2,2867617658,14
110,NAP,https://rsteviemoore.bandcamp.com/album/nap,1565252101,41
111,What's Moore: Robert Steven Mortified,https://rsteviemoore.bandcamp.com/album/whats-moore-robert-steven-mortified,2955645982,15
112,the embodiment of progressive ideals,https://rsteviemoore.bandcamp.com/album/the-embodiment-of-progressive-ideals,1662477968,30
113,embodiment progressive ideal instrumental,https://rsteviemoore.bandcamp.com/album/embodiment-progressive-ideal-instrumental,1041501797,26
114,Ariel Pink's Picks Vol. 1,https://rsteviemoore.bandcamp.com/album/ariel-pinks-picks-vol-1,3552587506,17
115,Special Needs,https://rsteviemoore.bandcamp.com/album/special-needs,3042695993,19
116,The Here .... with neonBlack (orig short version),https://rsteviemoore.bandcamp.com/album/the-here-with-neonblack-orig-short-version,2275448305,13
117,The Here........................with neon black,https://rsteviemoore.bandcamp.com/album/the-here-with-neon-black-2,3709607915,1
118,Oatmeal Goatmilk,https://rsteviemoore.bandcamp.com/album/oatmeal-goatmilk,358548193,62
119,Emotion Picture,https://rsteviemoore.bandcamp.com/album/emotion-picture,1894374183,37
120,Sensual Harassment ~ Various Artists Outperform the Hits of R Stevie Moore,https://rsteviemoore.bandcamp.com/album/sensual-harassment-various-artists-outperform-the-hits-of-r-stevie-moore,3276126614,17
121,MUSICITY,https://rsteviemoore.bandcamp.com/album/musicity,1107744649,28
122,The Great American Songbook - Jad Fair&R Stevie Moore,https://rsteviemoore.bandcamp.com/album/the-great-american-songbook-jad-fair-r-stevie-moore,181213136,29
123,"Migraines, Chestpains and Bloodstains",https://rsteviemoore.bandcamp.com/album/migraines-chestpains-and-bloodstains,1447510698,42
124,When dja Get Back?,https://rsteviemoore.bandcamp.com/album/when-dja-get-back,58045381,33
125,Post-Goods ~ Plus Dozens More @2004,https://rsteviemoore.bandcamp.com/album/post-goods-plus-dozens-more-2004,402657625,12
126,J. Roger Ferguson MOTIF 04,https://rsteviemoore.bandcamp.com/album/j-roger-ferguson-motif-04,861864173,48
127,Roger Ferguson ~ Alive and Well,https://rsteviemoore.bandcamp.com/album/roger-ferguson-alive-and-well,2149928779,35
128,"Unamericana Survival Strategys, +Blanksymoore",https://rsteviemoore.bandcamp.com/album/unamericana-survival-strategys-blanksymoore,1820578027,54
129,Nobody Pays Me Much Mind Until I'm Gone (3CD set),https://rsteviemoore.bandcamp.com/album/nobody-pays-me-much-mind-until-im-gone-3cd-set,1396119100,68
130,WORLD WAR FOUR ------ bestof 011-015,https://rsteviemoore.bandcamp.com/album/world-war-four-bestof-011-015,3907828803,40
131,Billy Anderson . 60 Greatest Hits,https://rsteviemoore.bandcamp.com/album/billy-anderson-60-greatest-hits,3270993369,60
132,Vesent Sornis = Medlie of RSTVMO Compositions,https://rsteviemoore.bandcamp.com/album/vesent-sornis-medlie-of-rstvmo-compositions,1519357625,5
133,Victor Lovera ~ On The Bench,https://rsteviemoore.bandcamp.com/album/victor-lovera-on-the-bench,1621994536,30
134,#HASH ANTAGONIST,https://rsteviemoore.bandcamp.com/album/hash-antagonist,2476221757,22
135,Amnesia Insomnia Shania,https://rsteviemoore.bandcamp.com/album/amnesia-insomnia-shania,2276002378,3
136,Falkner Moore - Guitar InterplÃ©s e.p.,https://rsteviemoore.bandcamp.com/album/falkner-moore-guitar-interpl-s-e-p,431985770,6
137,Barista Parlor Golden Sound - w/Blanksy,https://rsteviemoore.bandcamp.com/album/barista-parlor-golden-sound-w-blanksy,1444205900,37
138,Live @ drkmtr 2016,https://rsteviemoore.bandcamp.com/album/live-drkmtr-2016,2130099294,1
139,Lisa Mychols Tags R. Stevie Moore,https://rsteviemoore.bandcamp.com/album/lisa-mychols-tags-r-stevie-moore,123608057,4
140,Copy Me: RSM Tribute 11,https://rsteviemoore.bandcamp.com/album/copy-me-rsm-tribute-11,2960677964,35
141,Copy Me: RSM Tribute 10,https://rsteviemoore.bandcamp.com/album/copy-me-rsm-tribute-10,3533593630,32
142,Product Item Diary,https://rsteviemoore.bandcamp.com/album/product-item-diary,2938024514,50
143,What Can I Say?,https://rsteviemoore.bandcamp.com/album/what-can-i-say,3498147267,7
144,Copy Me: RSM Tribute 9,https://rsteviemoore.bandcamp.com/album/copy-me-rsm-tribute-9,2671838022,37
145,NO WORLD WE'RE FOR,https://rsteviemoore.bandcamp.com/album/no-world-were-for,2979776547,30
146,"(we could be) ""Gyros"" (just for 1 day)",https://rsteviemoore.bandcamp.com/album/we-could-be-gyros-just-for-1-day,2307992454,34
147,Prohibituary ~ There's A Reason For This,https://rsteviemoore.bandcamp.com/album/prohibituary-theres-a-reason-for-this,1082280028,11
148,Drip And Dribble (draft),https://rsteviemoore.bandcamp.com/album/drip-and-dribble-draft,538438683,84
149,ENGLITCH,https://rsteviemoore.bandcamp.com/album/englitch,2091044878,7
150,New Age Sewage Anticeptic Tank,https://rsteviemoore.bandcamp.com/album/new-age-sewage-anticeptic-tank,2732465544,84
151,Knickerbocker Thuggery Combover,https://rsteviemoore.bandcamp.com/album/knickerbocker-thuggery-combover,516142391,37
152,Fifteen Tons,https://rsteviemoore.bandcamp.com/album/fifteen-tons,481735931,27
153,SKIPS 2,https://rsteviemoore.bandcamp.com/album/skips-2,186512466,28
154,R. Stevie Saturday Singles Series,https://rsteviemoore.bandcamp.com/album/r-stevie-saturday-singles-series,1273803631,17
155,Lymph Nodes,https://rsteviemoore.bandcamp.com/album/lymph-nodes,2583284794,84
156,Epiglottis Captcha Fracking,https://rsteviemoore.bandcamp.com/album/epiglottis-captcha-fracking,3725293950,58
157,Spoiler Alert (RSD),https://rsteviemoore.bandcamp.com/album/spoiler-alert-rsd,558729451,42
158,May I Be Excused?,https://rsteviemoore.bandcamp.com/album/may-i-be-excused,1992032060,31
159,Live Santa Cruz CA 2014,https://rsteviemoore.bandcamp.com/album/live-santa-cruz-ca-2014,1209864631,11
160,Start No Fires ~,https://rsteviemoore.bandcamp.com/album/start-no-fires,1222295701,57
161,ONCE AND FOR ALL,https://rsteviemoore.bandcamp.com/album/once-and-for-all-2,1173515385,19
162,Seattle Party,https://rsteviemoore.bandcamp.com/album/seattle-party,1692863883,11
163,Live Crocodile Seattle 2013,https://rsteviemoore.bandcamp.com/album/live-crocodile-seattle-2013,2974329655,3
164,ENNUI,https://rsteviemoore.bandcamp.com/album/ennui,3695008260,88
165,Prohibituary ~ In One Fell Swoop,https://rsteviemoore.bandcamp.com/album/prohibituary-in-one-fell-swoop,33189653,8
166,Dilettante Field Trip Bully,https://rsteviemoore.bandcamp.com/album/dilettante-field-trip-bully,1415872238,140
167,Oral Roberts,https://rsteviemoore.bandcamp.com/album/oral-roberts,1710134487,98
168,Ku Klux Glam ~ Ariel Pink R. Stevie Moore,https://rsteviemoore.bandcamp.com/album/ku-klux-glam-ariel-pink-r-stevie-moore,405033560,63
169,"Eloquence, Arrogance & Innocence (sundry rarities)",https://rsteviemoore.bandcamp.com/album/eloquence-arrogance-innocence-sundry-rarities,976290490,47
170,GENITAL JUICE \ (streaming only),https://rsteviemoore.bandcamp.com/album/genital-juice-streaming-only,2688288280,13
171,MOORE & MONTEIRO,https://rsteviemoore.bandcamp.com/album/moore-monteiro,1244564869,12
172,"New World Elder (If I could only get you out of the room, I might get something done)",https://rsteviemoore.bandcamp.com/album/new-world-elder-if-i-could-only-get-you-out-of-the-room-i-might-get-something-done,3298805911,37
173,Burst Upon The Scene,https://rsteviemoore.bandcamp.com/album/burst-upon-the-scene,793283552,40
174,Tactic - with LC,https://rsteviemoore.bandcamp.com/album/tactic-with-lc,4132295572,14
175,Hearing Aid,https://rsteviemoore.bandcamp.com/album/hearing-aid,716458526,32
176,Flash Pasteurized,https://rsteviemoore.bandcamp.com/album/flash-pasteurized,1423239645,18
177,Phonography Tour Film (Demiglio 2012),https://rsteviemoore.bandcamp.com/album/phonography-tour-film-demiglio-2012,2988826559,8
178,Lo Fi Hi Fives (a kind of best of),https://rsteviemoore.bandcamp.com/album/lo-fi-hi-fives-a-kind-of-best-of,1514360102,14
179,Control Panel,https://rsteviemoore.bandcamp.com/album/control-panel,833020557,27
180,"""Coming Up"" (single)",https://rsteviemoore.bandcamp.com/album/coming-up-single,3431924177,3
181,LUNATIKFRINJ,https://rsteviemoore.bandcamp.com/album/lunatikfrinj,326070073,58
182,R. Stevie Moore (1952-21??),https://rsteviemoore.bandcamp.com/album/r-stevie-moore-1952-21,3216841783,29
183,Free Pussy Riot,https://rsteviemoore.bandcamp.com/album/free-pussy-riot,836629420,32
184,Opposites,https://rsteviemoore.bandcamp.com/album/opposites,4264195854,76
185,Personal Appeal,https://rsteviemoore.bandcamp.com/album/personal-appeal,612030199,23
186,PLEASE LEAVE!,https://rsteviemoore.bandcamp.com/album/please-leave,1326269329,31
187,Cambridge 2012,https://rsteviemoore.bandcamp.com/album/cambridge-2012,940730883,5
188,We Wish We Could Sing: A Tribute to R. Stevie Moore,https://rsteviemoore.bandcamp.com/album/we-wish-we-could-sing-a-tribute-to-r-stevie-moore,38064903,15
189,ADVANST (bonus discs),https://rsteviemoore.bandcamp.com/album/advanst-bonus-discs,214195266,37
190,Advanced Karaoke,https://rsteviemoore.bandcamp.com/album/advanced-karaoke,2966971824,14
191,ADVANCED,https://rsteviemoore.bandcamp.com/album/advanced,3208749122,14
192,Stalactites & Stalagmites (w/ Tropical Ooze),https://rsteviemoore.bandcamp.com/album/stalactites-stalagmites-w-tropical-ooze,3957748387,8
193,"Live at Cafe du Nord, SF CA 2011",https://rsteviemoore.bandcamp.com/album/live-at-cafe-du-nord-sf-ca-2011,2556148390,4
194,Live @WTC Nashville 2011,https://rsteviemoore.bandcamp.com/album/live-wtc-nashville-2011,3397011341,6
195,"Live on WRVU, Loud Love (31-01-2011)",https://rsteviemoore.bandcamp.com/album/live-on-wrvu-loud-love-31-01-2011,3752602141,21
196,"RSM Sings ""Carmen""",https://rsteviemoore.bandcamp.com/album/rsm-sings-carmen,2704070037,28
197,1 1 1 1 1 / Music For Feel,https://rsteviemoore.bandcamp.com/album/1-1-1-1-1-music-for-feel,2946908660,32
198,Best of 'Copy Me': RSM Tribute Project (2010),https://rsteviemoore.bandcamp.com/album/best-of-copy-me-rsm-tribute-project-2010,1646910645,24
199,.,https://rsteviemoore.bandcamp.com/album/--5,588357554,1
200,Copy Me: RSM Tribute 8,https://rsteviemoore.bandcamp.com/album/copy-me-rsm-tribute-8,4221401882,31
201,Copy Me: RSM Tribute 7,https://rsteviemoore.bandcamp.com/album/copy-me-rsm-tribute-7,2193741401,27
202,Copy Me: RSM Tribute 6,https://rsteviemoore.bandcamp.com/album/copy-me-rsm-tribute-6,1017262320,26
203,Copy Me: RSM Tribute 5,https://rsteviemoore.bandcamp.com/album/copy-me-rsm-tribute-5,2015965510,27
204,Copy Me: RSM Tribute 4,https://rsteviemoore.bandcamp.com/album/copy-me-rsm-tribute-4,3668780573,26
205,Then Get Out,https://rsteviemoore.bandcamp.com/album/then-get-out,506467266,28
206,Space Bar,https://rsteviemoore.bandcamp.com/album/space-bar,2730619937,28
207,Monotheism 2010,https://rsteviemoore.bandcamp.com/album/monotheism-2010,833567049,43
208,RSM Powertrio Practicerun e.p.,https://rsteviemoore.bandcamp.com/album/rsm-powertrio-practicerun-e-p,187367927,5
209,Snag,https://rsteviemoore.bandcamp.com/album/snag,2614569486,13
210,Copy Me: RSM Tribute 3,https://rsteviemoore.bandcamp.com/album/copy-me-rsm-tribute-3,3647563981,27
211,Copy Me: RSM Tribute 2,https://rsteviemoore.bandcamp.com/album/copy-me-rsm-tribute-2,4024454737,25
212,Copy Me: RSM Tribute 1,https://rsteviemoore.bandcamp.com/album/copy-me-rsm-tribute-1,3931631624,24
213,Mind Crack,https://rsteviemoore.bandcamp.com/album/mind-crack,2467582630,80
214,Errorism disc1,https://rsteviemoore.bandcamp.com/album/errorism-disc1,1198831570,30
215,Errorism disc2,https://rsteviemoore.bandcamp.com/album/errorism-disc2,1271188697,27
216,Stop Them,https://rsteviemoore.bandcamp.com/album/stop-them,4006100912,69
217,Stop Them [w/ BJanoff],https://rsteviemoore.bandcamp.com/album/stop-them-w-bjanoff,3128185123,69
218,Text Rage /1,https://rsteviemoore.bandcamp.com/album/text-rage-1,552399374,75
219,Text Rage /2,https://rsteviemoore.bandcamp.com/album/text-rage-2,2902992208,96
220,RODAN ~ r. stevie moorechestra,https://rsteviemoore.bandcamp.com/album/rodan-r-stevie-moorechestra,2579507044,15
221,RSM Interview Tapes 2008,https://rsteviemoore.bandcamp.com/album/rsm-interview-tapes-2008,3501870625,17
222,Coo Coo Rockin Time,https://rsteviemoore.bandcamp.com/album/coo-coo-rockin-time,1644816502,17
223,LimeWire performance + interview 2009,https://rsteviemoore.bandcamp.com/album/limewire-performance-interview-2009,3219952634,10
224,Mordry Times (w/Michael Jodry),https://rsteviemoore.bandcamp.com/album/mordry-times-w-michael-jodry,2706460318,15
225,Me Too! Live video soundtrack,https://rsteviemoore.bandcamp.com/album/me-too-live-video-soundtrack,280349082,4
226,Sentimental Ties,https://rsteviemoore.bandcamp.com/album/sentimental-ties,3137952142,17
227,Live at Cakeshop 2008,https://rsteviemoore.bandcamp.com/album/live-at-cakeshop-2008,755933109,1
228,Fakebook /2. ACEDIA MEDIA,https://rsteviemoore.bandcamp.com/album/fakebook-2-acedia-media,3166585294,53
229,"Fakebook /5. SHE BE LIKE, THEN HE BE LIKE",https://rsteviemoore.bandcamp.com/album/fakebook-5-she-be-like-then-he-be-like,30539424,92
230,Fakebook /6. PULITZER Prize 99Â¢,https://rsteviemoore.bandcamp.com/album/fakebook-6-pulitzer-prize-99,1073615783,55
231,Fakebook /4. Rhino Tophat,https://rsteviemoore.bandcamp.com/album/fakebook-4-rhino-tophat,3621989453,57
232,Fakebook /3. Turvimajic,https://rsteviemoore.bandcamp.com/album/fakebook-3-turvimajic,1735537990,37
233,Fakebook /1. Kerouac Jackoff,https://rsteviemoore.bandcamp.com/album/fakebook-1-kerouac-jackoff,3515387197,29
234,Poached Punk,https://rsteviemoore.bandcamp.com/album/poached-punk,3833926494,19
235,Me Too,https://rsteviemoore.bandcamp.com/album/me-too,4085492420,22
236,Meet The R. Stevie Moore!,https://rsteviemoore.bandcamp.com/album/meet-the-r-stevie-moore,1437424918,24
237,Fukt!,https://rsteviemoore.bandcamp.com/album/fukt,2930416324,47
238,A.W.O.L.,https://rsteviemoore.bandcamp.com/album/a-w-o-l,2965334542,48
239,Myth Of Melody,https://rsteviemoore.bandcamp.com/album/myth-of-melody,3537231509,22
240,Live at Knitting Factory 080730,https://rsteviemoore.bandcamp.com/album/live-at-knitting-factory-080730,1372515584,16
241,"senator r. stevie moore & the house of represent, live month residency at cakeshop nyc",https://rsteviemoore.bandcamp.com/album/senator-r-stevie-moore-the-house-of-represent-live-month-residency-at-cakeshop-nyc,4035857012,1
242,Downplaying My Significance,https://rsteviemoore.bandcamp.com/album/downplaying-my-significance,3734511241,38
243,MOORED,https://rsteviemoore.bandcamp.com/album/moored,76760485,19
244,rstevie m007e dotcombo live maxwells,https://rsteviemoore.bandcamp.com/album/rstevie-m007e-dotcombo-live-maxwells,1122489034,11
245,Shrigley Field,https://rsteviemoore.bandcamp.com/album/shrigley-field,1412269261,29
246,Unpopular Singer Vol. 6,https://rsteviemoore.bandcamp.com/album/unpopular-singer-vol-6,942833439,41
247,Hear Lies,https://rsteviemoore.bandcamp.com/album/hear-lies,1694483065,18
248,Tell Laura I Love Herbert,https://rsteviemoore.bandcamp.com/album/tell-laura-i-love-herbert,3668965748,25
249,ALBEIT - with Kavoussi / Berger,https://rsteviemoore.bandcamp.com/album/albeit-with-kavoussi-berger,81956131,30
250,Manuscription,https://rsteviemoore.bandcamp.com/album/manuscription,1742399305,13
251,Zeitgeist,https://rsteviemoore.bandcamp.com/album/zeitgeist,3485808279,22
252,"RSM Speciale, Chile 2005",https://rsteviemoore.bandcamp.com/album/rsm-speciale-chile-2005,2177852653,10
253,pHoaming edison's James Kavoussi,https://rsteviemoore.bandcamp.com/album/phoaming-edisons-james-kavoussi,2913696399,31
254,Difficult Personality,https://rsteviemoore.bandcamp.com/album/difficult-personality,4199611586,37
255,Platformat,https://rsteviemoore.bandcamp.com/album/platformat,1653965664,22
256,Aesthetic,https://rsteviemoore.bandcamp.com/album/aesthetic,1734310222,46
257,Save R. Stevie,https://rsteviemoore.bandcamp.com/album/save-r-stevie,4003251599,20
258,Far Out,https://rsteviemoore.bandcamp.com/album/far-out,2038343922,20
259,Tra La La La Phooey!,https://rsteviemoore.bandcamp.com/album/tra-la-la-la-phooey,1363361346,19
260,Yung & Moore Show vs. the Whole Goddam Stinkin' World,https://rsteviemoore.bandcamp.com/album/yung-moore-show-vs-the-whole-goddam-stinkin-world,1009097398,16
261,ConObj Sessions Vol.4,https://rsteviemoore.bandcamp.com/album/conobj-sessions-vol-4,2344730774,23
262,ConObj Sessions Vol.3,https://rsteviemoore.bandcamp.com/album/conobj-sessions-vol-3,3981429364,42
263,ConObj Sessions Vol.2,https://rsteviemoore.bandcamp.com/album/conobj-sessions-vol-2,357243779,30
264,ConObj Sessions Vol.1,https://rsteviemoore.bandcamp.com/album/conobj-sessions-vol-1,3608833071,52
265,Conscientious Objector,https://rsteviemoore.bandcamp.com/album/conscientious-objector,2484555773,51
266,A Whiter Shade of Pale E.P.,https://rsteviemoore.bandcamp.com/album/a-whiter-shade-of-pale-e-p,3583676695,17
267,Lie at Maxwell's,https://rsteviemoore.bandcamp.com/album/lie-at-maxwells,1144632964,16
268,Live on WFMU 2003,https://rsteviemoore.bandcamp.com/album/live-on-wfmu-2003,933783537,25
269,Report Card,https://rsteviemoore.bandcamp.com/album/report-card,783930082,56
270,"Live @ Outsider Fair, Fez NYC 2003",https://rsteviemoore.bandcamp.com/album/live-outsider-fair-fez-nyc-2003,2447028227,0
271,FairMoore,https://rsteviemoore.bandcamp.com/album/fairmoore,273753731,21
272,Nevertheless Optimistic,https://rsteviemoore.bandcamp.com/album/nevertheless-optimistic,3372975971,23
273,The Jinx,https://rsteviemoore.bandcamp.com/album/the-jinx,1257252282,20
274,Hundreds of Hiding Places,https://rsteviemoore.bandcamp.com/album/hundreds-of-hiding-places,1464214846,21
275,"Live Nova Nights NYC, Oct 2001",https://rsteviemoore.bandcamp.com/album/live-nova-nights-nyc-oct-2001,1973991806,15
276,Love Compartment,https://rsteviemoore.bandcamp.com/album/love-compartment,3107963258,30
277,Glasses ~ RSMighty Rams,https://rsteviemoore.bandcamp.com/album/glasses-rsmighty-rams,4269099469,16
278,Frank Balesteri - Vanilla Bean's Greatest Hits,https://rsteviemoore.bandcamp.com/album/frank-balesteri-vanilla-beans-greatest-hits,84249918,35
279,.,https://rsteviemoore.bandcamp.com/album/--4,91198610,1
280,The Future Is Worse Than The Past,https://rsteviemoore.bandcamp.com/album/the-future-is-worse-than-the-past,3791158493,17
281,Colliding Circles e.p.,https://rsteviemoore.bandcamp.com/album/colliding-circles-e-p,3930599280,9
282,Midi-Bran Piano-Rolls,https://rsteviemoore.bandcamp.com/album/midi-bran-piano-rolls,516769280,22
283,WATCH GoreMoore,https://rsteviemoore.bandcamp.com/album/watch-goremoore,2707755642,38
284,Dates (with r. gregsy moore),https://rsteviemoore.bandcamp.com/album/dates-with-r-gregsy-moore,1607529879,17
285,I'll Say It's My Fault,https://rsteviemoore.bandcamp.com/album/ill-say-its-my-fault,4034828959,16
286,Roger Ferguson ~ Fun Before Work,https://rsteviemoore.bandcamp.com/album/roger-ferguson-fun-before-work,1747427888,17
287,"Live at The Sutler, Nashville1999",https://rsteviemoore.bandcamp.com/album/live-at-the-sutler-nashville1999,2218166798,18
288,Live On WRVU 1999,https://rsteviemoore.bandcamp.com/album/live-on-wrvu-1999,1515405921,13
289,Live At Mercury Lounge 1999,https://rsteviemoore.bandcamp.com/album/live-at-mercury-lounge-1999,3066461264,19
290,The Taxmen - 1999 Reunion,https://rsteviemoore.bandcamp.com/album/the-taxmen-1999-reunion,13351499,35
291,Days In / My Favorite Shirt Is My Hawaiian Shirt ~ Hopper,https://rsteviemoore.bandcamp.com/album/days-in-my-favorite-shirt-is-my-hawaiian-shirt-hopper,1351423331,20
292,"Live at TONIC, Nyc 1998",https://rsteviemoore.bandcamp.com/album/live-at-tonic-nyc-1998,1288842881,26
293,Llynda More ~ Tales from the Great Within,https://rsteviemoore.bandcamp.com/album/llynda-more-tales-from-the-great-within,3435197195,10
294,Stork Club '98 - Live WFMU,https://rsteviemoore.bandcamp.com/album/stork-club-98-live-wfmu,3483091998,32
295,Victor Lovera Greatest Hits Anthology,https://rsteviemoore.bandcamp.com/album/victor-lovera-greatest-hits-anthology,2534509990,58
296,"Love Lovera, Last Victor",https://rsteviemoore.bandcamp.com/album/love-lovera-last-victor,1296567212,42
297,Comeback Special,https://rsteviemoore.bandcamp.com/album/comeback-special,3449596896,20
298,Live at the Baggot Inn -Toys for Tots,https://rsteviemoore.bandcamp.com/album/live-at-the-baggot-inn-toys-for-tots,1491846261,2
299,Senior Superlatives,https://rsteviemoore.bandcamp.com/album/senior-superlatives,675662149,24
300,RSM~KO Live Stork Club WFMU 1997,https://rsteviemoore.bandcamp.com/album/rsm-ko-live-stork-club-wfmu-1997,3524658344,17
301,"Live at Mother, with Chris Butler (NYC1997)",https://rsteviemoore.bandcamp.com/album/live-at-mother-with-chris-butler-nyc1997,3551740474,10
302,Mermaid (James Kochalka Superstar),https://rsteviemoore.bandcamp.com/album/mermaid-james-kochalka-superstar,1213150920,33
303,Disturbed,https://rsteviemoore.bandcamp.com/album/disturbed,1654658628,34
304,Bingo Gazingo,https://rsteviemoore.bandcamp.com/album/bingo-gazingo,1056184957,18
305,The JESSIKA CANE e.p.,https://rsteviemoore.bandcamp.com/album/the-jessika-cane-e-p,2735693713,8
306,PLIGHT,https://rsteviemoore.bandcamp.com/album/plight,712083598,27
307,Really?,https://rsteviemoore.bandcamp.com/album/really,1677334466,25
308,Vague,https://rsteviemoore.bandcamp.com/album/vague,3641928429,46
309,The Day the Earth Stood On Stilts,https://rsteviemoore.bandcamp.com/album/the-day-the-earth-stood-on-stilts,3987124357,39
310,Without The Beatles (various),https://rsteviemoore.bandcamp.com/album/without-the-beatles-various,1339743321,23
311,Dull,https://rsteviemoore.bandcamp.com/album/dull,2246365188,19
312,Element,https://rsteviemoore.bandcamp.com/album/element,4254649877,9
313,REVOLVE,https://rsteviemoore.bandcamp.com/album/revolve,3242071837,9
314,An Afternoon With R. Stevie Moore /1,https://rsteviemoore.bandcamp.com/album/an-afternoon-with-r-stevie-moore-1,1941144935,36
315,An Afternoon With R. Stevie Moore /2,https://rsteviemoore.bandcamp.com/album/an-afternoon-with-r-stevie-moore-2,3006541160,41
316,Unpopular Singer Vol. 4,https://rsteviemoore.bandcamp.com/album/unpopular-singer-vol-4,2928261210,35
317,In One Ear & Out The Other,https://rsteviemoore.bandcamp.com/album/in-one-ear-out-the-other,1561813756,32
318,Phlegm Soundtrack,https://rsteviemoore.bandcamp.com/album/phlegm-soundtrack,2157795738,20
319,Chapter Eleven,https://rsteviemoore.bandcamp.com/album/chapter-eleven,3157294922,39
320,Fundraiser,https://rsteviemoore.bandcamp.com/album/fundraiser,4010683549,32
321,Unpopular Singer Vol.3,https://rsteviemoore.bandcamp.com/album/unpopular-singer-vol-3,793871511,28
322,May,https://rsteviemoore.bandcamp.com/album/may-2,2609763471,17
323,Unpopular Singer Vol.1&2,https://rsteviemoore.bandcamp.com/album/unpopular-singer-vol-1-2,572288565,36
324,Who Cares?,https://rsteviemoore.bandcamp.com/album/who-cares,837530445,17
325,Absinthe,https://rsteviemoore.bandcamp.com/album/absinthe,1350504677,16
326,A New Day of Restoration,https://rsteviemoore.bandcamp.com/album/a-new-day-of-restoration,3018852300,30
327,Goosebumps,https://rsteviemoore.bandcamp.com/album/goosebumps-2,3766002286,24
328,Executive Turntable,https://rsteviemoore.bandcamp.com/album/executive-turntable,3650928221,27
329,Ersatz,https://rsteviemoore.bandcamp.com/album/ersatz,4083420337,47
330,SOCRATEASE: (NJ1993),https://rsteviemoore.bandcamp.com/album/socratease-nj1993,7656253,3
331,Sequestered,https://rsteviemoore.bandcamp.com/album/sequestered,3171316634,30
332,7songlets/voiced,https://rsteviemoore.bandcamp.com/album/7songlets-voiced,2983221580,22
333,Contact Risk,https://rsteviemoore.bandcamp.com/album/contact-risk,1600755934,21
334,Persevere,https://rsteviemoore.bandcamp.com/album/persevere,644589053,38
335,Victor Lovera ~ Live WFMU 1991,https://rsteviemoore.bandcamp.com/album/victor-lovera-live-wfmu-1991,1247320944,18
336,LoveraMoore '91 WFMU,https://rsteviemoore.bandcamp.com/album/loveramoore-91-wfmu,1124370261,37
337,.,https://rsteviemoore.bandcamp.com/album/--3,3530700819,1
338,GreatestTits,https://rsteviemoore.bandcamp.com/album/greatesttits,2842095227,24
339,Has-Beens and Never-Weres,https://rsteviemoore.bandcamp.com/album/has-beens-and-never-weres,2082939219,17
340,Warning: R. Stevie Moore,https://rsteviemoore.bandcamp.com/album/warning-r-stevie-moore,278872122,19
341,Teenage Spectacular,https://rsteviemoore.bandcamp.com/album/teenage-spectacular,1585908937,22
342,Songs From Home 1988,https://rsteviemoore.bandcamp.com/album/songs-from-home-1988,501619910,8
343,Fluvium 8888,https://rsteviemoore.bandcamp.com/album/fluvium-8888,3189123374,32
344,Effluvium,https://rsteviemoore.bandcamp.com/album/effluvium,2983272231,41
345,RSMtv Vol.5 video soundtrack,https://rsteviemoore.bandcamp.com/album/rsmtv-vol-5-video-soundtrack,74531815,5
346,!!!!!LIVE@FMU! (1987),https://rsteviemoore.bandcamp.com/album/live-fmu-1987,3437468898,24
347,Googleplex â™¾,https://rsteviemoore.bandcamp.com/album/googleplex,2218399135,37
348,Gary Schulz digs RSM,https://rsteviemoore.bandcamp.com/album/gary-schulz-digs-rsm,1900705837,25
349,R. Stevie Moore (1952-19??),https://rsteviemoore.bandcamp.com/album/r-stevie-moore-1952-19,514062017,27
350,Clips,https://rsteviemoore.bandcamp.com/album/clips,442153953,52
351,WFMU - Larry & Mookie 1987,https://rsteviemoore.bandcamp.com/album/wfmu-larry-mookie-1987,2643725311,12
352,Pandemonium,https://rsteviemoore.bandcamp.com/album/pandemonium,1414181149,27
353,All Well and Good,https://rsteviemoore.bandcamp.com/album/all-well-and-good,2920630551,58
354,Purpose,https://rsteviemoore.bandcamp.com/album/purpose,1247708038,40
355,Glad Music,https://rsteviemoore.bandcamp.com/album/glad-music,2618814063,16
356,Glad Music (Bonus Disc 2),https://rsteviemoore.bandcamp.com/album/glad-music-bonus-disc-2,969221214,16
357,Belief,https://rsteviemoore.bandcamp.com/album/belief,1867973935,40
358,Man Of The Year Vol. 4,https://rsteviemoore.bandcamp.com/album/man-of-the-year-vol-4,876641882,34
359,Man Of The Year Vol. 3,https://rsteviemoore.bandcamp.com/album/man-of-the-year-vol-3,2776002871,33
360,Sings at Speakeasy,https://rsteviemoore.bandcamp.com/album/sings-at-speakeasy,3831862665,39
361,Sings at Speakeasy 2,https://rsteviemoore.bandcamp.com/album/sings-at-speakeasy-2,93959499,7
362,Man Of The Year Vol. 2,https://rsteviemoore.bandcamp.com/album/man-of-the-year-vol-2,1128111751,33
363,Man Of The Year Vol. 1 of 4,https://rsteviemoore.bandcamp.com/album/man-of-the-year-vol-1-of-4,3582888428,33
364,He's Nuts session 1985,https://rsteviemoore.bandcamp.com/album/hes-nuts-session-1985,2405935003,4
365,K. T. Playhouse,https://rsteviemoore.bandcamp.com/album/k-t-playhouse,3967865589,6
366,"WFMU Radio Performance, 3 Oct 85",https://rsteviemoore.bandcamp.com/album/wfmu-radio-performance-3-oct-85,1360588325,23
367,Verve,https://rsteviemoore.bandcamp.com/album/verve,3179005593,15
368,Verve 2 (bonus disc),https://rsteviemoore.bandcamp.com/album/verve-2-bonus-disc,2742710463,16
369,R. Stevie Moore Is Worth It,https://rsteviemoore.bandcamp.com/album/r-stevie-moore-is-worth-it,3014775430,35
370,Umpteenth,https://rsteviemoore.bandcamp.com/album/umpteenth,2409240015,22
371,Live at Irving Plaza 1985,https://rsteviemoore.bandcamp.com/album/live-at-irving-plaza-1985,64210949,14
372,Live at Folk City 1985,https://rsteviemoore.bandcamp.com/album/live-at-folk-city-1985,2748280642,19
373,R. Stevie Moore's Three Blazers,https://rsteviemoore.bandcamp.com/album/r-stevie-moores-three-blazers,821502732,15
374,Barely,https://rsteviemoore.bandcamp.com/album/barely,4289893348,20
375,WFMU - Larry & Mookie 1985,https://rsteviemoore.bandcamp.com/album/wfmu-larry-mookie-1985,1430609079,3
376,Skeletons,https://rsteviemoore.bandcamp.com/album/skeletons,1574482409,14
377,Organ Donor,https://rsteviemoore.bandcamp.com/album/organ-donor,2356193075,15
378,Jabberwocky,https://rsteviemoore.bandcamp.com/album/jabberwocky,2729565624,28
379,Lost And Found NJ111 1984,https://rsteviemoore.bandcamp.com/album/lost-and-found-nj111-1984,2512158869,33
380,Kaffeeklatsch,https://rsteviemoore.bandcamp.com/album/kaffeeklatsch,2074428754,40
381,Boota Theatre,https://rsteviemoore.bandcamp.com/album/boota-theatre,4275306218,25
382,State Of Affairs,https://rsteviemoore.bandcamp.com/album/state-of-affairs,3096348059,21
383,1984U.,https://rsteviemoore.bandcamp.com/album/1984u,2558209173,25
384,K7,https://rsteviemoore.bandcamp.com/album/k7,1976407130,48
385,"Scott & Gary Show, live TV NYC 1984",https://rsteviemoore.bandcamp.com/album/scott-gary-show-live-tv-nyc-1984,2978292969,7
386,What's The Point?!!,https://rsteviemoore.bandcamp.com/album/whats-the-point,4092702374,22
387,Embarrass Paris,https://rsteviemoore.bandcamp.com/album/embarrass-paris,2391316157,37
388,Closer ThaNever,https://rsteviemoore.bandcamp.com/album/closer-thanever,2656373346,15
389,"Biggest Names In Show Business, The",https://rsteviemoore.bandcamp.com/album/biggest-names-in-show-business-the,2579436282,20
390,Everything You Always Wanted To Know About RSM d1,https://rsteviemoore.bandcamp.com/album/everything-you-always-wanted-to-know-about-rsm-d1,629379635,22
391,Everything You Always Wanted To Know About RSM d2,https://rsteviemoore.bandcamp.com/album/everything-you-always-wanted-to-know-about-rsm-d2,1518680277,21
392,120 Nuits. Live in Paris 1984,https://rsteviemoore.bandcamp.com/album/120-nuits-live-in-paris-1984,3830254611,11
393,As If Vinel Didn't Exist,https://rsteviemoore.bandcamp.com/album/as-if-vinel-didnt-exist,3779853553,20
394,Gets Off,https://rsteviemoore.bandcamp.com/album/gets-off,3404055086,23
395,Boxheads 4 Broadcast,https://rsteviemoore.bandcamp.com/album/boxheads-4-broadcast,1997461572,21
396,Solid State,https://rsteviemoore.bandcamp.com/album/solid-state,1484088965,16
397,"More Moore Versions, Rarities",https://rsteviemoore.bandcamp.com/album/more-moore-versions-rarities,1976229407,34
398,Curiously Enough,https://rsteviemoore.bandcamp.com/album/curiously-enough,3173269152,30
399,"Amateur Hour, by the Card Charts",https://rsteviemoore.bandcamp.com/album/amateur-hour-by-the-card-charts,3800824130,29
400,On Standby,https://rsteviemoore.bandcamp.com/album/on-standby,1710679540,17
401,R. Stevie Moore & the Rayvens Folk City,https://rsteviemoore.bandcamp.com/album/r-stevie-moore-the-rayvens-folk-city,2636198591,15
402,R. Stevie Moore & the Rayvens Live,https://rsteviemoore.bandcamp.com/album/r-stevie-moore-the-rayvens-live,2861194613,23
403,Crises,https://rsteviemoore.bandcamp.com/album/crises,461614468,17
404,Musts,https://rsteviemoore.bandcamp.com/album/musts,2153882271,42
405,HOSTILE TERRITORY,https://rsteviemoore.bandcamp.com/album/hostile-territory,1817234242,14
406,Stevedore,https://rsteviemoore.bandcamp.com/album/stevedore,2525048514,19
407,Under The Covers,https://rsteviemoore.bandcamp.com/album/under-the-covers,458520175,22
408,W.O.M.A.N.,https://rsteviemoore.bandcamp.com/album/w-o-m-a-n,265368740,24
409,It'sWhat'sHappeningBaby!,https://rsteviemoore.bandcamp.com/album/itswhatshappeningbaby,1791346520,18
410,FM FM,https://rsteviemoore.bandcamp.com/album/fm-fm,2834093145,34
411,ASS-AULT! (Dollartape),https://rsteviemoore.bandcamp.com/album/ass-ault-dollartape,1917327981,2
412,Repertoire,https://rsteviemoore.bandcamp.com/album/repertoire,3666217967,40
413,Serving Suggestion,https://rsteviemoore.bandcamp.com/album/serving-suggestion,3705547474,21
414,Price Check Moore's Code ~ Freedom Now,https://rsteviemoore.bandcamp.com/album/price-check-moores-code-freedom-now,3533104398,44
415,Subject To Change,https://rsteviemoore.bandcamp.com/album/subject-to-change,4136153819,12
416,Recommended Records Samplers,https://rsteviemoore.bandcamp.com/album/recommended-records-samplers,846442817,2
417,We Love You Boxheads /2,https://rsteviemoore.bandcamp.com/album/we-love-you-boxheads-2,165767526,31
418,How Can You Resist,https://rsteviemoore.bandcamp.com/album/how-can-you-resist,881957346,22
419,Trial And Error,https://rsteviemoore.bandcamp.com/album/trial-and-error,4166621832,28
420,No Reason,https://rsteviemoore.bandcamp.com/album/no-reason,1158123309,34
421,Pleasant Tents / Toxic Shock Syndrome,https://rsteviemoore.bandcamp.com/album/pleasant-tents-toxic-shock-syndrome,124279391,22
422,Country Disguises,https://rsteviemoore.bandcamp.com/album/country-disguises,1259391928,20
423,Privacy / When,https://rsteviemoore.bandcamp.com/album/privacy-when,64531966,50
424,You And Your Employees,https://rsteviemoore.bandcamp.com/album/you-and-your-employees,3436256414,23
425,WFMU show 7/26/82,https://rsteviemoore.bandcamp.com/album/wfmu-show-7-26-82,1762028664,8
426,Pathos / Pioneer Paramus,https://rsteviemoore.bandcamp.com/album/pathos-pioneer-paramus,493433146,50
427,Bedroom Radio WFMU 4/82,https://rsteviemoore.bandcamp.com/album/bedroom-radio-wfmu-4-82,2988770802,8
428,Themes,https://rsteviemoore.bandcamp.com/album/themes,550850684,54
429,We Love You Boxheads /1,https://rsteviemoore.bandcamp.com/album/we-love-you-boxheads-1,2591454552,24
430,Dumb Philosophy / Criterions,https://rsteviemoore.bandcamp.com/album/dumb-philosophy-criterions,1977368722,48
431,Pop Pain,https://rsteviemoore.bandcamp.com/album/pop-pain,379749266,20
432,FNI,https://rsteviemoore.bandcamp.com/album/fni,2864657780,27
433,Smashers (Victor Lovera),https://rsteviemoore.bandcamp.com/album/smashers-victor-lovera,465125443,23
434,Column 88,https://rsteviemoore.bandcamp.com/album/column-88,2751977169,27
435,Basic,https://rsteviemoore.bandcamp.com/album/basic,808232552,22
436,R Stevie Moore (1952-19??) NJ35,https://rsteviemoore.bandcamp.com/album/r-stevie-moore-1952-19-nj35,2838346426,22
437,"""Almost Live"" WFMU 1980",https://rsteviemoore.bandcamp.com/album/almost-live-wfmu-1980,1576694572,16
438,Drumdrops,https://rsteviemoore.bandcamp.com/album/drumdrops,3228101494,36
439,CLACK!,https://rsteviemoore.bandcamp.com/album/clack,2487035512,18
440,Bedroom Radio WFMU 6/80,https://rsteviemoore.bandcamp.com/album/bedroom-radio-wfmu-6-80,1621448563,8
441,Bedroom Radio WFMU 1980,https://rsteviemoore.bandcamp.com/album/bedroom-radio-wfmu-1980,3953910896,8
442,Urgent / XVII,https://rsteviemoore.bandcamp.com/album/urgent-xvii,91236134,16
443,.,https://rsteviemoore.bandcamp.com/album/--2,1777883900,1
444,RSM and the Litterbugs Live WFMU '79,https://rsteviemoore.bandcamp.com/album/rsm-and-the-litterbugs-live-wfmu-79,1559161190,22
445,R,https://rsteviemoore.bandcamp.com/album/r,1678798134,32
446,Quits,https://rsteviemoore.bandcamp.com/album/quits,1346733871,18
447,Bedroom Radio WFMU 2/14/79,https://rsteviemoore.bandcamp.com/album/bedroom-radio-wfmu-2-14-79,4211429243,5
448,Live at Maxwell's (w/backing tape) 1979,https://rsteviemoore.bandcamp.com/album/live-at-maxwells-w-backing-tape-1979,3229989743,10
449,This Is It! Hopper (1979),https://rsteviemoore.bandcamp.com/album/this-is-it-hopper-1979,345156135,26
450,Delicate Tension,https://rsteviemoore.bandcamp.com/album/delicate-tension,1773340406,18
451,Sample For Approval,https://rsteviemoore.bandcamp.com/album/sample-for-approval,1794030735,45
452,"Delicate Tension, the Tape (NJ25)",https://rsteviemoore.bandcamp.com/album/delicate-tension-the-tape-nj25,1177682671,42
453,Games And Groceries,https://rsteviemoore.bandcamp.com/album/games-and-groceries,328671844,34
454,Wait Up / Show Ya ~ Mike Hopper,https://rsteviemoore.bandcamp.com/album/wait-up-show-ya-mike-hopper,3302476447,34
455,WFMU the worst is yet to come (76-78),https://rsteviemoore.bandcamp.com/album/wfmu-the-worst-is-yet-to-come-76-78,1525213132,44
456,Pow Wow,https://rsteviemoore.bandcamp.com/album/pow-wow,2864125288,26
457,The North,https://rsteviemoore.bandcamp.com/album/the-north,3678768845,33
458,"4 from ""Phonography""",https://rsteviemoore.bandcamp.com/album/4-from-phonography,2707105826,4
459,Sheetrock,https://rsteviemoore.bandcamp.com/album/sheetrock,1262064497,24
460,Nashville Smashers (Victor Lovera/R. Stevie Moore),https://rsteviemoore.bandcamp.com/album/nashville-smashers-victor-lovera-r-stevie-moore,1453002756,22
461,Piano Lessons,https://rsteviemoore.bandcamp.com/album/piano-lessons,4082449506,17
462,The Swings Back The Coasters (1977),https://rsteviemoore.bandcamp.com/album/the-swings-back-the-coasters-1977,3281306816,16
463,The Swings,https://rsteviemoore.bandcamp.com/album/the-swings,2849898955,37
464,The Swings ~ Live at Fort Leonardwood MO,https://rsteviemoore.bandcamp.com/album/the-swings-live-at-fort-leonardwood-mo,1434391990,12
465,Play,https://rsteviemoore.bandcamp.com/album/play,3897140386,22
466,Instrumentality/Aviation,https://rsteviemoore.bandcamp.com/album/instrumentality-aviation,1509226236,25
467,Thoroughly Years : Phonography II (73-76),https://rsteviemoore.bandcamp.com/album/thoroughly-years-phonography-ii-73-76,1388716410,22
468,Phonography,https://rsteviemoore.bandcamp.com/album/phonography,4187028571,17
469,Returns,https://rsteviemoore.bandcamp.com/album/returns,1484465428,35
470,The Eros ETHOS (Victor Lovera/R. Stevie Moore),https://rsteviemoore.bandcamp.com/album/the-eros-ethos-victor-lovera-r-stevie-moore,1442848430,28
471,NTH: Instrumental Illness,https://rsteviemoore.bandcamp.com/album/nth-instrumental-illness,3335701147,10
472,ROGO,https://rsteviemoore.bandcamp.com/album/rogo,3079390616,22
473,RSM Reforms The Beatles,https://rsteviemoore.bandcamp.com/album/rsm-reforms-the-beatles,1177870832,19
474,Stevie Moore Or Less,https://rsteviemoore.bandcamp.com/album/stevie-moore-or-less,3465046534,24
475,Stevie Moore Often,https://rsteviemoore.bandcamp.com/album/stevie-moore-often,1514569403,32
476,Studio ETHOS (w/Victor Lovera),https://rsteviemoore.bandcamp.com/album/studio-ethos-w-victor-lovera,3425061311,14
477,ETHOS of America rehearsels,https://rsteviemoore.bandcamp.com/album/ethos-of-america-rehearsels,2439568106,17
478,APOLOGIES TO MR. GOTTLIEB,https://rsteviemoore.bandcamp.com/album/apologies-to-mr-gottlieb,2423665985,17
479,Stevie Moore NEXT / 1,https://rsteviemoore.bandcamp.com/album/stevie-moore-next-1,950320754,12
480,Stevie Moore NEXT / 2,https://rsteviemoore.bandcamp.com/album/stevie-moore-next-2,1430700407,12
481,Ethos (Victor Lovera R. Stevie Moore),https://rsteviemoore.bandcamp.com/album/ethos-victor-lovera-r-stevie-moore,2257715383,30
482,Mimosa Pubrishing Company,https://rsteviemoore.bandcamp.com/album/mimosa-pubrishing-company,3491597268,7
483,Billy Anderson - If I Were King of the Forest - (prod.RSM73),https://rsteviemoore.bandcamp.com/album/billy-anderson-if-i-were-king-of-the-forest-prod-rsm73,2071922483,26
484,Phoney,https://rsteviemoore.bandcamp.com/album/phoney,4037474369,6
485,Invites Comparison,https://rsteviemoore.bandcamp.com/album/invites-comparison,2652336162,20
486,NUN2 (Innuendos),https://rsteviemoore.bandcamp.com/album/nun2-innuendos,1690565846,9
487,Homers,https://rsteviemoore.bandcamp.com/album/homers,3990298537,18
488,Mere Static,https://rsteviemoore.bandcamp.com/album/mere-static,1293036407,15
489,Monotheism /Atheism /Iconoclasm,https://rsteviemoore.bandcamp.com/album/monotheism-atheism-iconoclasm,1204768151,50
490,Ob Newschk,https://rsteviemoore.bandcamp.com/album/ob-newschk,854290930,23
491,Goods ~ Live at Our Place,https://rsteviemoore.bandcamp.com/album/goods-live-at-our-place,860078009,31
492,"Herald, Goods.",https://rsteviemoore.bandcamp.com/album/herald-goods,129372390,12
493,Prethos (Victor Lovera R. Stevie Moore),https://rsteviemoore.bandcamp.com/album/prethos-victor-lovera-r-stevie-moore,2322397667,15
494,All Twenty Minutes,https://rsteviemoore.bandcamp.com/album/all-twenty-minutes,2769124026,11
495,"""Eenque"" Victor Lovera R. Stevie Moore 1971",https://rsteviemoore.bandcamp.com/album/eenque-victor-lovera-r-stevie-moore-1971,2528126627,22
496,"""Jones"" - Victor Lovera R. Stevie Moore 1971",https://rsteviemoore.bandcamp.com/album/jones-victor-lovera-r-stevie-moore-1971,472467039,20
497,Unleashed Ignorance (in Bbm aug),https://rsteviemoore.bandcamp.com/album/unleashed-ignorance-in-bbm-aug,153060156,15
498,Grease,https://rsteviemoore.bandcamp.com/album/grease,3661446389,61
499,The Marlborough Sings,https://rsteviemoore.bandcamp.com/album/the-marlborough-sings,2281150623,21
500,On Graycroft,https://rsteviemoore.bandcamp.com/album/on-graycroft,3733694532,27
501,.,https://rsteviemoore.bandcamp.com/album/-,1545338769,1
502,Ford Theatre ~ Time Changes (1969),https://rsteviemoore.bandcamp.com/album/ford-theatre-time-changes-1969,3959820141,22
503,Ford Theatre ~ Trilogy For The Masses (1968),https://rsteviemoore.bandcamp.com/album/ford-theatre-trilogy-for-the-masses-1968,4071459501,18
504,Bob Moore on Hickory,https://rsteviemoore.bandcamp.com/album/bob-moore-on-hickory,2057199637,23
505,Bob Moore on Monument,https://rsteviemoore.bandcamp.com/album/bob-moore-on-monument,491238925,26
506,Harry Palmer 1962,https://rsteviemoore.bandcamp.com/album/harry-palmer-1962,651772202,3
507,Children's Museum,https://rsteviemoore.bandcamp.com/album/childrens-museum,1223830525,12
